"title","author","content"
"First blog","Prakhar Pandey","This is my First blog"
"Second blog","Prakhar Pandey","This is my Second blog"
"Third blog","Prakhar Pandey","This is my Third blog"
"Fourth blog","Prakhar Pandey","This is my Fourth blog"
"Fifth blog","Prakhar Pandey","This is my Fifth blog"
"Sixth blog","Prakhar Pandey","This is my Sixth blog"
"Seventh blog","Prakhar Pandey","This is my Seventh blog"
"Eigth blog","Prakhar Pandey","This is my Eigth blog"
"Ninth blog","Prakhar Pandey","This is my Ninth blog"
"Thenth blog","Prakhar Pandey","This is my Thenth blog"
"Eleventh blog","Prakhar Pandey","This is my Eleventh blog"
"Twelfth blog","Prakhar Pandey","This is my Twelfth blog"
"Thirteenth blog","Prakhar Pandey","This is my Thirteenth blog"
"Fourteenth blog","Prakhar Pandey","This is my Fourteenth blog"
"Fifteenth blog","Prakhar Pandey","This is my Fifteenth blog"
"Sixteenth blog","Prakhar Pandey","This is my Sixteenth blog"
"Seventeenth blog","Prakhar Pandey","This is my Seventeenth blog"
"Eighteenth blog","Prakhar Pandey","This is my Eighteenth blog"
